asset,timeframe,model,strategy_id,net_sr_18bp,auc,pbo,unbal_long_pct,bal_long_pct,events,config
ETH,1h,CatBoost,EXT_ETH_1h_CatBoost,-1.2828,0.4928,1.0,0.905,0.4522,10889,
ETH,1h,LightGBM,EXT_ETH_1h_LightGBM,-1.0966,0.4859,1.0,0.8173,0.522,10889,
ETH,1h,RF,EXT_ETH_1h_RF,-1.3091,0.5068,1.0,0.9541,0.5275,10889,
ETH,1d,CatBoost,EXT_ETH_1d_CatBoost,0.7879,0.6161,1.0,0.7863,0.3969,653,
ETH,1d,LightGBM,EXT_ETH_1d_LightGBM,1.6402,0.6448,1.0,0.6947,0.6336,653,
ETH,1d,RF,EXT_ETH_1d_RF,1.3981,0.6308,1.0,0.7939,0.6031,653,
SOL,1h,CatBoost,EXT_SOL_1h_CatBoost,-0.2063,0.5109,1.0,0.9704,0.3225,12000,
SOL,1h,LightGBM,EXT_SOL_1h_LightGBM,-0.2514,0.5282,1.0,0.7946,0.4492,12000,
SOL,1h,RF,EXT_SOL_1h_RF,-0.1538,0.5194,1.0,0.9642,0.3758,12000,
SOL,1d,CatBoost,EXT_SOL_1d_CatBoost,0.4977,0.5639,1.0,0.6803,0.4836,608,
SOL,1d,LightGBM,EXT_SOL_1d_LightGBM,0.8168,0.5412,1.0,0.7213,0.6557,608,
SOL,1d,RF,EXT_SOL_1d_RF,1.9414,0.5876,1.0,0.6721,0.4672,608,
BTC,1h,CatBoost,EXT_BTC_1h_CatBoost,-0.8767,0.5008,1.0,0.9715,0.4229,15271,
BTC,1h,LightGBM,EXT_BTC_1h_LightGBM,-1.053,0.4885,1.0,0.8871,0.4795,15271,
BTC,1h,RF,EXT_BTC_1h_RF,-0.8546,0.5036,1.0,0.9843,0.4537,15271,
BTC,1d,CatBoost,EXT_BTC_1d_CatBoost,0.6912,0.4831,1.0,0.7572,0.4624,864,
BTC,1d,LightGBM,EXT_BTC_1d_LightGBM,0.3842,0.4616,1.0,0.7283,0.6243,864,
BTC,1d,RF,EXT_BTC_1d_RF,0.6641,0.4682,1.0,0.7688,0.5954,864,
BTC,multi,DM_CB,COST_DM_CB_0bp,0.954,,,,,0,
BTC,multi,ML_1h,COST_ML_1h_0bp,0.6398,,,,,0,
BTC,multi,ML_15m,COST_ML_15m_0bp,0.4163,,,,,0,
BTC,multi,DM_CB,COST_DM_CB_5bp,0.9438,,,,,0,
BTC,multi,ML_1h,COST_ML_1h_5bp,0.6094,,,,,0,
BTC,multi,ML_15m,COST_ML_15m_5bp,0.3522,,,,,0,
BTC,multi,DM_CB,COST_DM_CB_10bp,0.9336,,,,,0,
BTC,multi,ML_1h,COST_ML_1h_10bp,0.579,,,,,0,
BTC,multi,ML_15m,COST_ML_15m_10bp,0.2882,,,,,0,
BTC,multi,DM_CB,COST_DM_CB_18bp,0.9173,,,,,0,
BTC,multi,ML_1h,COST_ML_1h_18bp,0.5303,,,,,0,
BTC,multi,ML_15m,COST_ML_15m_18bp,0.1858,,,,,0,
BTC,multi,DM_CB,COST_DM_CB_30bp,0.8928,,,,,0,
BTC,multi,ML_1h,COST_ML_1h_30bp,0.4572,,,,,0,
BTC,multi,ML_15m,COST_ML_15m_30bp,0.0324,,,,,0,
BTC,multi,DM_CB,COST_DM_CB_50bp,0.8517,,,,,0,
BTC,multi,ML_1h,COST_ML_1h_50bp,0.3353,,,,,0,
BTC,multi,ML_15m,COST_ML_15m_50bp,-0.222,,,,,0,
BTC,1d,Baseline,BASE_Buy & Hold,0.6179,,,,,0,
BTC,1d,Baseline,BASE_SMA 200,0.7229,,,,,0,
BTC,1d,Baseline,BASE_RSI(14)>50,0.8045,,,,,0,
BTC,1d,Baseline,BASE_MACD Cross,0.6127,,,,,0,
BTC,1d,Baseline,BASE_DM 252/126+CB,0.9173,,,,,0,
BTC,1d,Baseline,BASE_1h ML balanced,0.5303,,,,,0,
BTC,1h,CatBoost_BullBias,BB_BTC_CatBoost,-0.8767,0.5008,,0.9715,0.4229,15271,
ETH,1h,CatBoost_BullBias,BB_ETH_CatBoost,-1.2828,0.4928,,0.905,0.4522,10889,
SOL,1h,CatBoost_BullBias,BB_SOL_CatBoost,-0.2063,0.5109,,0.9704,0.3225,12000,
BTC,1h,LSTM,BB_LSTM_unbalanced,-1.1695,0.5184,,0.5768,,0,
BTC,1h,LSTM,BB_LSTM_balanced,-1.1492,0.519,,0.5234,,0,
BTC,1h,SimpleRNN,BB_SimpleRNN_unbalanced,-1.3634,0.5197,,0.6333,,0,
BTC,1d,DM_SHAP,SHAP_g-0.07_m-0.15_d-0.2,0.6317,,,0.2407,,83,
BTC,1d,DM_SHAP,SHAP_g-0.1_m-0.15_d-0.2,0.6317,,,0.2407,,83,
BTC,1d,DM_SHAP,SHAP_g-0.05_m-0.15_d-0.2,0.6285,,,0.2397,,83,
BTC,1d,DM_SHAP,SHAP_g-0.07_m-0.2_d-0.2,0.5931,,,0.2757,,74,
BTC,1d,DM_SHAP,SHAP_g-0.1_m-0.2_d-0.2,0.5931,,,0.2757,,74,
BTC,1d,DM_SHAP,SHAP_g-0.03_m-0.15_d-0.2,0.5917,,,0.2251,,89,
BTC,1d,DM_SHAP,SHAP_g-0.05_m-0.2_d-0.2,0.5837,,,0.2742,,76,
BTC,1d,DM_SHAP,SHAP_g-0.1_m-0.15_d-0.1,0.5092,,,0.2162,,110,
BTC,1d,DM_SHAP,SHAP_g-0.07_m-0.15_d-0.1,0.5092,,,0.2162,,110,
BTC,1d,DM_SHAP,SHAP_g-0.05_m-0.15_d-0.1,0.5057,,,0.2151,,110,
BTC,1d,DM_SHAP,SHAP_g-0.1_m-0.15_d-0.15,0.5016,,,0.2366,,93,
BTC,1d,DM_SHAP,SHAP_g-0.07_m-0.15_d-0.15,0.5016,,,0.2366,,93,
BTC,1d,DM_SHAP,SHAP_g-0.05_m-0.15_d-0.15,0.4982,,,0.2355,,93,
BTC,1d,DM_SHAP,SHAP_g-0.03_m-0.1_d-0.2,0.4952,,,0.1718,,72,
BTC,1d,DM_SHAP,SHAP_g-0.03_m-0.15_d-0.15,0.4544,,,0.2209,,99,
BTC,1d,DM_SHAP,SHAP_g-0.03_m-0.15_d-0.1,0.4413,,,0.2037,,108,
BTC,1d,DM_SHAP,SHAP_g-0.03_m-0.2_d-0.2,0.4412,,,0.2548,,87,
BTC,1d,DM_SHAP,SHAP_g-0.1_m-0.15_d-0.25,0.4296,,,0.2428,,87,
BTC,1d,DM_SHAP,SHAP_g-0.07_m-0.15_d-0.25,0.4296,,,0.2428,,87,
BTC,1d,DM_SHAP,SHAP_g-0.05_m-0.15_d-0.25,0.4264,,,0.2418,,87,
BTC,1d,DM_SHAP,SHAP_g-0.07_m-0.2_d-0.15,0.4124,,,0.271,,85,
BTC,1d,DM_SHAP,SHAP_g-0.1_m-0.2_d-0.15,0.4124,,,0.271,,85,
BTC,1d,DM_SHAP,SHAP_g-0.07_m-0.2_d-0.25,0.4082,,,0.2778,,78,
BTC,1d,DM_SHAP,SHAP_g-0.1_m-0.2_d-0.25,0.4082,,,0.2778,,78,
BTC,1d,DM_SHAP,SHAP_g-0.05_m-0.2_d-0.15,0.4026,,,0.2695,,87,
BTC,1d,DM_SHAP,SHAP_g-0.07_m-0.2_d-0.1,0.4024,,,0.2491,,108,
BTC,1d,DM_SHAP,SHAP_g-0.1_m-0.2_d-0.1,0.4024,,,0.2491,,108,
BTC,1d,DM_SHAP,SHAP_g-0.05_m-0.2_d-0.25,0.399,,,0.2762,,80,
BTC,1d,DM_SHAP,SHAP_g-0.05_m-0.2_d-0.1,0.3921,,,0.2475,,110,
BTC,1d,DM_SHAP,SHAP_g-0.1_m-0.1_d-0.2,0.3894,,,0.1828,,66,
BTC,1d,DM_SHAP,SHAP_g-0.07_m-0.1_d-0.2,0.3894,,,0.1828,,66,
BTC,1d,DM_SHAP,SHAP_g-0.05_m-0.1_d-0.2,0.3855,,,0.1817,,66,
BTC,1d,DM_SHAP,SHAP_g-0.03_m-0.15_d-0.25,0.3806,,,0.2272,,93,
BTC,1d,DM_SHAP,SHAP_g-0.03_m-0.05_d-0.2,0.3773,,,0.1363,,76,
BTC,1d,DM_SHAP,SHAP_g-0.03_m-0.1_d-0.15,0.3679,,,0.1681,,78,
BTC,1d,DM_SHAP,SHAP_g-0.1_m-0.05_d-0.2,0.3204,,,0.1452,,68,
BTC,1d,DM_SHAP,SHAP_g-0.07_m-0.05_d-0.2,0.3204,,,0.1452,,68,
BTC,1d,DM_SHAP,SHAP_g-0.05_m-0.05_d-0.2,0.316,,,0.1441,,68,
BTC,1d,DM_SHAP,SHAP_g-0.03_m-0.1_d-0.1,0.308,,,0.1567,,85,
BTC,1d,DM_SHAP,SHAP_g-0.03_m-0.05_d-0.15,0.2691,,,0.1337,,82,
BTC,1d,DM_SHAP,SHAP_g-0.03_m-0.1_d-0.25,0.2628,,,0.1739,,76,
BTC,1d,DM_SHAP,SHAP_g-0.1_m-0.1_d-0.15,0.2618,,,0.1791,,72,
BTC,1d,DM_SHAP,SHAP_g-0.07_m-0.1_d-0.15,0.2618,,,0.1791,,72,
BTC,1d,DM_SHAP,SHAP_g-0.05_m-0.1_d-0.15,0.2576,,,0.1781,,72,
BTC,1d,DM_SHAP,SHAP_g-0.03_m-0.2_d-0.25,0.2522,,,0.2569,,91,
BTC,1d,DM_SHAP,SHAP_g-0.03_m-0.2_d-0.15,0.2455,,,0.2501,,99,
BTC,1d,DM_SHAP,SHAP_g-0.07_m-0.1_d-0.1,0.2181,,,0.1645,,87,
BTC,1d,DM_SHAP,SHAP_g-0.1_m-0.1_d-0.1,0.2181,,,0.1645,,87,
BTC,1d,DM_SHAP,SHAP_g-0.05_m-0.1_d-0.1,0.2136,,,0.1634,,87,
BTC,1d,DM_SHAP,SHAP_g-0.1_m-0.05_d-0.15,0.2125,,,0.1426,,74,
BTC,1d,DM_SHAP,SHAP_g-0.07_m-0.05_d-0.15,0.2125,,,0.1426,,74,
BTC,1d,DM_SHAP,SHAP_g-0.03_m-0.2_d-0.1,0.2108,,,0.2313,,114,
BTC,1d,DM_SHAP,SHAP_g-0.05_m-0.05_d-0.15,0.2079,,,0.1415,,74,
BTC,1d,DM_SHAP,SHAP_g-0.07_m-0.1_d-0.25,0.1677,,,0.1849,,70,
BTC,1d,DM_SHAP,SHAP_g-0.1_m-0.1_d-0.25,0.1677,,,0.1849,,70,
BTC,1d,DM_SHAP,SHAP_g-0.05_m-0.1_d-0.25,0.1637,,,0.1838,,70,
BTC,1d,DM_SHAP,SHAP_g-0.03_m-0.05_d-0.25,0.1316,,,0.1384,,80,
BTC,1d,DM_SHAP,SHAP_g-0.03_m-0.05_d-0.1,0.1232,,,0.1243,,83,
BTC,1d,DM_SHAP,SHAP_g-0.1_m-0.05_d-0.1,0.0913,,,0.13,,82,
BTC,1d,DM_SHAP,SHAP_g-0.07_m-0.05_d-0.1,0.0913,,,0.13,,82,
BTC,1d,DM_SHAP,SHAP_g-0.05_m-0.05_d-0.1,0.0862,,,0.129,,82,
BTC,1d,DM_SHAP,SHAP_g-0.1_m-0.05_d-0.25,0.0829,,,0.1473,,72,
BTC,1d,DM_SHAP,SHAP_g-0.07_m-0.05_d-0.25,0.0829,,,0.1473,,72,
BTC,1d,DM_SHAP,SHAP_g-0.05_m-0.05_d-0.25,0.0785,,,0.1462,,72,
BTC,1h,CatBoost,OF_trade_imbalance_CatBoost,-1.3913,0.5059,1.0,0.9663,0.4354,15271,
BTC,1h,LightGBM,OF_trade_imbalance_LightGBM,-1.8595,0.491,1.0,0.8966,0.4769,15271,
BTC,1h,RF,OF_trade_imbalance_RF,-1.4798,0.5031,1.0,0.9869,0.4609,15271,
BTC,1h,CatBoost,OF_buy_sell_ratio_CatBoost,-1.5202,0.5106,1.0,0.9676,0.4193,15271,
BTC,1h,LightGBM,OF_buy_sell_ratio_LightGBM,-1.6726,0.4908,1.0,0.8854,0.4897,15271,
BTC,1h,RF,OF_buy_sell_ratio_RF,-1.5804,0.5003,1.0,0.9853,0.4648,15271,
BTC,1h,CatBoost,OF_net_flow_zscore_24_CatBoost,-1.3395,0.5069,1.0,0.9692,0.4386,15271,
BTC,1h,LightGBM,OF_net_flow_zscore_24_LightGBM,-1.4884,0.494,1.0,0.8812,0.4753,15271,
BTC,1h,RF,OF_net_flow_zscore_24_RF,-1.5691,0.51,1.0,0.9866,0.4756,15271,
BTC,1h,CatBoost,OF_net_flow_zscore_168_CatBoost,-1.1545,0.4993,1.0,0.9725,0.4111,15271,
BTC,1h,LightGBM,OF_net_flow_zscore_168_LightGBM,-1.3551,0.4954,1.0,0.8776,0.4979,15271,
BTC,1h,RF,OF_net_flow_zscore_168_RF,-1.1801,0.5124,1.0,0.9885,0.4861,15271,
BTC,1h,CatBoost,OF_cum_imbalance_24h_CatBoost,-1.6082,0.5071,1.0,0.9718,0.4596,15271,
BTC,1h,LightGBM,OF_cum_imbalance_24h_LightGBM,-1.3316,0.4891,1.0,0.8707,0.508,15271,
BTC,1h,RF,OF_cum_imbalance_24h_RF,-1.3079,0.5092,1.0,0.9856,0.4802,15271,
BTC,1h,CatBoost,OF_cum_imbalance_72h_CatBoost,-1.549,0.5008,1.0,0.9741,0.4124,15271,
BTC,1h,LightGBM,OF_cum_imbalance_72h_LightGBM,-1.4965,0.4844,1.0,0.8854,0.4871,15271,
BTC,1h,RF,OF_cum_imbalance_72h_RF,-1.7604,0.5057,1.0,0.9925,0.4481,15271,
BTC,1h,CatBoost,OF_impact_zscore_CatBoost,-1.3742,0.5075,1.0,0.9686,0.4314,15271,
BTC,1h,LightGBM,OF_impact_zscore_LightGBM,-1.7328,0.4852,1.0,0.8867,0.4681,15271,
BTC,1h,RF,OF_impact_zscore_RF,-1.4591,0.5067,1.0,0.9876,0.4439,15271,
BTC,1h,CatBoost,OF_amihud_zscore_CatBoost,-1.6469,0.4976,1.0,0.9702,0.4262,15271,
BTC,1h,LightGBM,OF_amihud_zscore_LightGBM,-1.4877,0.4957,1.0,0.8773,0.4789,15271,
BTC,1h,RF,OF_amihud_zscore_RF,-1.5604,0.5064,1.0,0.9869,0.4563,15271,
BTC,1h,CatBoost,OF_roll_spread_CatBoost,-1.4567,0.5108,1.0,0.9699,0.4046,15271,
BTC,1h,LightGBM,OF_roll_spread_LightGBM,-1.388,0.5017,1.0,0.8556,0.4841,15271,
BTC,1h,RF,OF_roll_spread_RF,-1.2396,0.5104,1.0,0.9889,0.4517,15271,
BTC,1h,CatBoost,OF_signed_run_CatBoost,-1.4304,0.5089,1.0,0.9722,0.4373,15271,
BTC,1h,LightGBM,OF_signed_run_LightGBM,-1.7983,0.4979,1.0,0.8845,0.493,15271,
BTC,1h,RF,OF_signed_run_RF,-1.6485,0.5055,1.0,0.9849,0.4864,15271,
BTC,1h,CatBoost,OF_vol_price_divergence_CatBoost,-1.606,0.5078,1.0,0.9722,0.4098,15271,
BTC,1h,LightGBM,OF_vol_price_divergence_LightGBM,-1.7553,0.5031,1.0,0.8753,0.4786,15271,
BTC,1h,RF,OF_vol_price_divergence_RF,-1.4921,0.5038,1.0,0.9892,0.4599,15271,
BTC,1d,DM+VolOverlay,VOL_binary_thr0.5_w7,0.4049,,,0.2816,0.2816,168,
BTC,1d,DM+VolOverlay,VOL_binary_thr0.55_w7,0.5539,,,0.3133,0.3133,160,
BTC,1d,DM+VolOverlay,VOL_binary_thr0.6_w7,0.4494,,,0.3432,0.3432,140,
BTC,1d,DM+VolOverlay,VOL_binary_thr0.65_w7,0.6328,,,0.3669,0.3669,156,
BTC,1d,DM+VolOverlay,VOL_gradual_thr0.5_w7,-0.8309,,,0.2816,0.2816,755,
BTC,1d,DM+VolOverlay,VOL_gradual_thr0.55_w7,-0.841,,,0.3133,0.3133,816,
BTC,1d,DM+VolOverlay,VOL_binary_thr0.5_w30,0.6968,,,0.3011,0.3011,74,
BTC,1d,DM+VolOverlay,VOL_binary_thr0.55_w30,0.6707,,,0.3307,0.3307,64,
MULTI,1d,Momentum,XS_mom7d_top3,-0.3094,,,1.0,1.0,845,
MULTI,1d,Momentum,XS_mom7d_top5,-0.3688,,,1.0,1.0,845,
MULTI,1d,Momentum,XS_mom7d_top10,-0.8397,,,1.0,1.0,845,
MULTI,1d,Momentum,XS_mom14d_top3,0.049,,,1.0,1.0,845,
MULTI,1d,Momentum,XS_mom14d_top5,-0.0073,,,1.0,1.0,845,
MULTI,1d,Momentum,XS_mom14d_top10,-0.7397,,,1.0,1.0,845,
MULTI,1d,Momentum,XS_mom30d_top3,-0.0921,,,0.9988,0.9988,845,
MULTI,1d,Momentum,XS_mom30d_top5,-0.5008,,,1.0,1.0,845,
MULTI,1d,Momentum,XS_mom30d_top10,-0.9384,,,1.0,1.0,845,
MULTI,1d,Momentum,XS_mom60d_top3,-0.0879,,,1.0,1.0,845,
MULTI,1d,Momentum,XS_mom60d_top5,-0.3566,,,1.0,1.0,845,
MULTI,1d,Momentum,XS_mom60d_top10,-0.8211,,,1.0,1.0,845,
MULTI,1d,Momentum,XS_mom90d_top3,0.1058,,,1.0,1.0,845,
MULTI,1d,Momentum,XS_mom90d_top5,-0.3366,,,1.0,1.0,845,
MULTI,1d,Momentum,XS_mom90d_top10,-0.907,,,1.0,1.0,845,
MULTI,1d,Momentum,XS_mom120d_top3,0.1815,,,1.0,1.0,845,
MULTI,1d,Momentum,XS_mom120d_top5,-0.1716,,,1.0,1.0,845,
MULTI,1d,Momentum,XS_mom120d_top10,-0.8652,,,1.0,1.0,845,
MULTI,1d,Momentum,XS_mom252d_top3,0.1349,,,1.0,1.0,845,
MULTI,1d,Momentum,XS_mom252d_top5,-0.1035,,,1.0,1.0,845,
MULTI,1d,Momentum,XS_mom252d_top10,-0.9179,,,1.0,1.0,845,
MULTI,1d,CTREND,XS_CTREND_top3,0.3498,,,1.0,1.0,845,
MULTI,1d,CTREND,XS_CTREND_top5,-0.2157,,,1.0,1.0,845,
MULTI,1d,CTREND,XS_CTREND_top10,-0.8442,,,1.0,1.0,845,
BTC,1h,CatBoost,TB_pt1.0_sl1.5_CatBoost,-1.8749,0.5083,1.0,0.9801,0.4592,15559,
BTC,1h,LightGBM,TB_pt1.0_sl1.5_LightGBM,-1.5749,0.5117,1.0,0.8924,0.4875,15559,
BTC,1h,RF,TB_pt1.0_sl1.5_RF,-1.5188,0.5138,1.0,0.9897,0.474,15559,
BTC,1h,CatBoost,TB_pt1.0_sl2.0_CatBoost,-1.5389,0.5027,1.0,0.9967,0.3963,15328,
BTC,1h,LightGBM,TB_pt1.0_sl2.0_LightGBM,-1.5267,0.5057,1.0,0.9635,0.5023,15328,
BTC,1h,RF,TB_pt1.0_sl2.0_RF,-1.7297,0.5011,1.0,0.9971,0.4638,15328,
BTC,1h,CatBoost,TB_pt1.0_sl2.5_CatBoost,-1.4763,0.4942,1.0,0.998,0.3968,15070,
BTC,1h,LightGBM,TB_pt1.0_sl2.5_LightGBM,-1.386,0.5018,1.0,0.9864,0.5149,15070,
BTC,1h,RF,TB_pt1.0_sl2.5_RF,-1.2817,0.4964,1.0,0.9993,0.4605,15070,
BTC,1h,CatBoost,TB_pt1.5_sl1.5_CatBoost,-1.5713,0.5078,1.0,0.6996,0.4215,15276,
BTC,1h,LightGBM,TB_pt1.5_sl1.5_LightGBM,-1.6192,0.5031,1.0,0.6063,0.4679,15276,
BTC,1h,RF,TB_pt1.5_sl1.5_RF,-1.494,0.506,1.0,0.7526,0.4182,15276,
BTC,1h,CatBoost,TB_pt1.5_sl2.0_CatBoost,-1.1333,0.5018,1.0,0.9638,0.3695,14900,
BTC,1h,LightGBM,TB_pt1.5_sl2.0_LightGBM,-2.2988,0.4992,1.0,0.8698,0.4695,14900,
BTC,1h,RF,TB_pt1.5_sl2.0_RF,-0.9225,0.5041,1.0,0.9745,0.3899,14900,
BTC,1h,CatBoost,TB_pt1.5_sl2.5_CatBoost,-1.1226,0.499,1.0,0.9855,0.3685,14488,
BTC,1h,LightGBM,TB_pt1.5_sl2.5_LightGBM,-1.4186,0.499,1.0,0.9358,0.4979,14488,
BTC,1h,RF,TB_pt1.5_sl2.5_RF,-1.4676,0.4845,1.0,0.9928,0.4006,14488,
BTC,1h,CatBoost,TB_pt2.0_sl1.5_CatBoost,-1.4121,0.5073,1.0,0.1743,0.4244,14890,
BTC,1h,LightGBM,TB_pt2.0_sl1.5_LightGBM,-1.5101,0.5116,1.0,0.3083,0.4412,14890,
BTC,1h,RF,TB_pt2.0_sl1.5_RF,-1.7774,0.4973,1.0,0.1394,0.3885,14890,
BTC,1h,CatBoost,TB_pt2.0_sl2.0_CatBoost,-1.6301,0.489,1.0,0.7296,0.4195,14348,
BTC,1h,LightGBM,TB_pt2.0_sl2.0_LightGBM,-1.714,0.5045,1.0,0.638,0.4833,14348,
BTC,1h,RF,TB_pt2.0_sl2.0_RF,-1.2422,0.4878,1.0,0.8376,0.3951,14348,
BTC,1h,CatBoost,TB_pt2.0_sl2.5_CatBoost,-1.3576,0.4863,1.0,0.9515,0.3829,13814,
BTC,1h,LightGBM,TB_pt2.0_sl2.5_LightGBM,-1.6146,0.5001,1.0,0.8234,0.4882,13814,
BTC,1h,RF,TB_pt2.0_sl2.5_RF,-1.1633,0.4886,1.0,0.9689,0.43,13814,
BTC,1h,CatBoost,TB_pt2.5_sl1.5_CatBoost,-1.2102,0.5057,1.0,0.0392,0.439,14417,
BTC,1h,LightGBM,TB_pt2.5_sl1.5_LightGBM,-2.0375,0.5006,1.0,0.1515,0.4431,14417,
BTC,1h,RF,TB_pt2.5_sl1.5_RF,-1.4338,0.5057,1.0,0.026,0.3558,14417,
BTC,1h,CatBoost,TB_pt2.5_sl2.0_CatBoost,-1.6996,0.4879,1.0,0.2708,0.4348,13751,
BTC,1h,LightGBM,TB_pt2.5_sl2.0_LightGBM,-1.9758,0.5016,1.0,0.4006,0.4889,13751,
BTC,1h,RF,TB_pt2.5_sl2.0_RF,-1.3291,0.4985,1.0,0.2043,0.394,13751,
BTC,1h,CatBoost,TB_pt2.5_sl2.5_CatBoost,-1.1783,0.4896,1.0,0.7158,0.3836,13122,
BTC,1h,LightGBM,TB_pt2.5_sl2.5_LightGBM,-1.1585,0.4985,1.0,0.6316,0.4952,13122,
BTC,1h,RF,TB_pt2.5_sl2.5_RF,-1.0313,0.503,1.0,0.795,0.4015,13122,
BTC,1d,CatBoost,EXT_fr_binance_daily_CatBoost,0.6652,0.4562,1.0,0.763,0.5029,864,
BTC,1d,LightGBM,EXT_fr_binance_daily_LightGBM,0.7039,0.4664,1.0,0.7341,0.6185,864,
BTC,1d,RF,EXT_fr_binance_daily_RF,-0.6618,0.4629,1.0,0.7803,0.5434,864,
BTC,1d,CatBoost,EXT_fr_binance_zscore_CatBoost,0.6912,0.4831,1.0,0.7572,0.4624,864,
BTC,1d,LightGBM,EXT_fr_binance_zscore_LightGBM,0.3842,0.4616,1.0,0.7283,0.6243,864,
BTC,1d,RF,EXT_fr_binance_zscore_RF,0.6641,0.4682,1.0,0.7688,0.5954,864,
BTC,1d,CatBoost,EXT_fr_binance_cum7_CatBoost,0.6912,0.4831,1.0,0.7572,0.4624,864,
BTC,1d,LightGBM,EXT_fr_binance_cum7_LightGBM,0.3842,0.4616,1.0,0.7283,0.6243,864,
BTC,1d,RF,EXT_fr_binance_cum7_RF,0.6641,0.4682,1.0,0.7688,0.5954,864,
BTC,1d,CatBoost,EXT_fr_bybit_daily_CatBoost,0.6912,0.4831,1.0,0.7572,0.4624,864,
BTC,1d,LightGBM,EXT_fr_bybit_daily_LightGBM,0.3842,0.4616,1.0,0.7283,0.6243,864,
BTC,1d,RF,EXT_fr_bybit_daily_RF,0.6641,0.4682,1.0,0.7688,0.5954,864,
BTC,1d,CatBoost,EXT_fr_bybit_cum7_CatBoost,0.6912,0.4831,1.0,0.7572,0.4624,864,
BTC,1d,LightGBM,EXT_fr_bybit_cum7_LightGBM,0.3842,0.4616,1.0,0.7283,0.6243,864,
BTC,1d,RF,EXT_fr_bybit_cum7_RF,0.6641,0.4682,1.0,0.7688,0.5954,864,
BTC,1d,CatBoost,EXT_oi_level_CatBoost,0.2364,0.5299,1.0,0.8728,0.6994,864,
BTC,1d,LightGBM,EXT_oi_level_LightGBM,0.0685,0.5464,1.0,0.7803,0.7341,864,
BTC,1d,RF,EXT_oi_level_RF,-0.2612,0.4971,1.0,0.9017,0.7457,864,
BTC,1d,CatBoost,EXT_oi_change_7d_CatBoost,0.8126,0.4782,1.0,0.7919,0.5318,864,
BTC,1d,LightGBM,EXT_oi_change_7d_LightGBM,0.0464,0.4793,1.0,0.7457,0.6474,864,
BTC,1d,RF,EXT_oi_change_7d_RF,-0.4224,0.469,1.0,0.7803,0.5549,864,
BTC,1d,CatBoost,EXT_oi_zscore_30d_CatBoost,0.5483,0.4707,1.0,0.763,0.5607,864,
BTC,1d,LightGBM,EXT_oi_zscore_30d_LightGBM,0.541,0.4634,1.0,0.7341,0.6243,864,
BTC,1d,RF,EXT_oi_zscore_30d_RF,0.4094,0.4805,1.0,0.8324,0.6532,864,
BTC,1d,CatBoost,EXT_vix_ret_7d_CatBoost,0.6758,0.4619,1.0,0.8035,0.5202,864,
BTC,1d,LightGBM,EXT_vix_ret_7d_LightGBM,0.8488,0.4752,1.0,0.7283,0.6185,864,
BTC,1d,RF,EXT_vix_ret_7d_RF,-0.4214,0.463,1.0,0.815,0.5434,864,
BTC,1d,CatBoost,EXT_vix_ret_30d_CatBoost,0.786,0.4737,1.0,0.7919,0.474,864,
BTC,1d,LightGBM,EXT_vix_ret_30d_LightGBM,0.1474,0.4468,1.0,0.7052,0.5838,864,
BTC,1d,RF,EXT_vix_ret_30d_RF,-0.235,0.4422,1.0,0.8092,0.578,864,
BTC,1d,CatBoost,EXT_vix_zscore_60d_CatBoost,0.6271,0.4239,1.0,0.8324,0.5318,864,
BTC,1d,LightGBM,EXT_vix_zscore_60d_LightGBM,-0.6922,0.4525,1.0,0.7514,0.659,864,
BTC,1d,RF,EXT_vix_zscore_60d_RF,0.238,0.4376,1.0,0.815,0.6416,864,
BTC,1d,CatBoost,EXT_dxy_ret_7d_CatBoost,1.5681,0.4686,1.0,0.7803,0.5087,864,
BTC,1d,LightGBM,EXT_dxy_ret_7d_LightGBM,0.4912,0.4684,1.0,0.6647,0.659,864,
BTC,1d,RF,EXT_dxy_ret_7d_RF,0.1431,0.4547,1.0,0.7977,0.5723,864,
BTC,1d,CatBoost,EXT_dxy_ret_30d_CatBoost,0.5076,0.4513,1.0,0.7977,0.5318,864,
BTC,1d,LightGBM,EXT_dxy_ret_30d_LightGBM,-0.173,0.4222,1.0,0.7225,0.5896,864,
BTC,1d,RF,EXT_dxy_ret_30d_RF,-0.2512,0.4497,1.0,0.7977,0.5665,864,
BTC,1d,CatBoost,EXT_dxy_zscore_60d_CatBoost,1.0388,0.4634,1.0,0.7977,0.5145,864,
BTC,1d,LightGBM,EXT_dxy_zscore_60d_LightGBM,0.5867,0.4537,1.0,0.6994,0.6127,864,
BTC,1d,RF,EXT_dxy_zscore_60d_RF,-0.239,0.4566,1.0,0.7919,0.5607,864,
BTC,1d,CatBoost,EXT_gold_ret_7d_CatBoost,1.3664,0.4758,1.0,0.8497,0.474,864,
BTC,1d,LightGBM,EXT_gold_ret_7d_LightGBM,0.6335,0.4404,1.0,0.6821,0.5954,864,
BTC,1d,RF,EXT_gold_ret_7d_RF,0.2465,0.4533,1.0,0.7977,0.5723,864,
BTC,15m,CatBoost,ML_BTC_15m_CatBoost,-2.6111,0.5259,1.0,0.98,0.5453,67182,
BTC,15m,LightGBM,ML_BTC_15m_LightGBM,-2.6877,0.5244,1.0,0.9402,0.5384,67182,
BTC,15m,RF,ML_BTC_15m_RF,-2.701,0.5269,1.0,0.9772,0.5698,67182,
BTC,4h,CatBoost,ML_BTC_4h_CatBoost,0.2759,0.5005,1.0,0.9058,0.4258,3875,
BTC,4h,LightGBM,ML_BTC_4h_LightGBM,-0.1378,0.5372,1.0,0.7574,0.4994,3875,
BTC,4h,RF,ML_BTC_4h_RF,0.3567,0.5208,1.0,0.9652,0.4439,3875,
ETH,15m,CatBoost,ML_ETH_15m_CatBoost,-1.8017,0.5246,1.0,0.9816,0.5191,46405,
ETH,15m,LightGBM,ML_ETH_15m_LightGBM,-1.7742,0.529,1.0,0.9365,0.5203,46405,
ETH,15m,RF,ML_ETH_15m_RF,-1.7529,0.5248,1.0,0.9849,0.569,46405,
ETH,4h,CatBoost,ML_ETH_4h_CatBoost,-0.6075,0.5068,1.0,0.7143,0.4917,2695,
ETH,4h,LightGBM,ML_ETH_4h_LightGBM,0.5718,0.4975,1.0,0.6085,0.5083,2695,
ETH,4h,RF,ML_ETH_4h_RF,-0.3532,0.5057,1.0,0.731,0.5436,2695,
SOL,15m,CatBoost,ML_SOL_15m_CatBoost,-1.334,0.5248,1.0,0.9865,0.4591,49629,
SOL,15m,LightGBM,ML_SOL_15m_LightGBM,-1.7976,0.5156,1.0,0.931,0.475,49629,
SOL,15m,RF,ML_SOL_15m_RF,-1.3361,0.5221,1.0,0.9807,0.4752,49629,
SOL,4h,CatBoost,ML_SOL_4h_CatBoost,0.3453,0.5106,1.0,0.6942,0.3339,3023,
SOL,4h,LightGBM,ML_SOL_4h_LightGBM,-0.1114,0.4745,1.0,0.557,0.4446,3023,
SOL,4h,RF,ML_SOL_4h_RF,0.5254,0.4846,1.0,0.7504,0.3851,3023,
ETH,1h,CatBoost,OF_trade_imbalance_ETH_CatBoost,-0.846,0.5011,1.0,0.9298,0.4757,10889,
ETH,1h,CatBoost,OF_buy_sell_ratio_ETH_CatBoost,-0.7345,0.509,1.0,0.9151,0.4775,10889,
ETH,1h,CatBoost,OF_net_flow_zscore_24_ETH_CatBoost,-1.3918,0.4961,1.0,0.9174,0.4715,10889,
ETH,1h,CatBoost,OF_net_flow_zscore_168_ETH_CatBoost,-1.0269,0.4996,1.0,0.9187,0.4734,10889,
ETH,1h,CatBoost,OF_cum_imbalance_24h_ETH_CatBoost,-1.0487,0.4993,1.0,0.927,0.4431,10889,
ETH,1h,CatBoost,OF_cum_imbalance_72h_ETH_CatBoost,-1.1959,0.4935,1.0,0.9238,0.4766,10889,
ETH,1h,CatBoost,OF_impact_zscore_ETH_CatBoost,-1.0556,0.4991,1.0,0.9164,0.472,10889,
ETH,1h,CatBoost,OF_amihud_zscore_ETH_CatBoost,-1.5802,0.4963,1.0,0.9279,0.4784,10889,
ETH,1h,CatBoost,OF_roll_spread_ETH_CatBoost,-1.231,0.5013,1.0,0.9082,0.4839,10889,
ETH,1h,CatBoost,OF_signed_run_ETH_CatBoost,-1.1405,0.5052,1.0,0.9242,0.4729,10889,
ETH,1h,CatBoost,OF_vol_price_divergence_ETH_CatBoost,-1.3227,0.4946,1.0,0.9201,0.4559,10889,
SOL,1h,CatBoost,OF_trade_imbalance_SOL_CatBoost,-0.3839,0.5161,1.0,0.9542,0.3662,12000,
SOL,1h,CatBoost,OF_buy_sell_ratio_SOL_CatBoost,-0.4373,0.5199,1.0,0.9525,0.3533,12000,
SOL,1h,CatBoost,OF_net_flow_zscore_24_SOL_CatBoost,-0.5656,0.5137,1.0,0.9454,0.3667,12000,
SOL,1h,CatBoost,OF_net_flow_zscore_168_SOL_CatBoost,-0.6267,0.5218,1.0,0.9367,0.3688,12000,
SOL,1h,CatBoost,OF_cum_imbalance_24h_SOL_CatBoost,-0.6533,0.5322,1.0,0.9575,0.3479,12000,
SOL,1h,CatBoost,OF_cum_imbalance_72h_SOL_CatBoost,-0.6447,0.5162,1.0,0.9383,0.4042,12000,
SOL,1h,CatBoost,OF_impact_zscore_SOL_CatBoost,-0.4386,0.5103,1.0,0.9358,0.3558,12000,
SOL,1h,CatBoost,OF_amihud_zscore_SOL_CatBoost,-0.7108,0.5098,1.0,0.9567,0.3421,12000,
SOL,1h,CatBoost,OF_roll_spread_SOL_CatBoost,-0.543,0.521,1.0,0.9583,0.3658,12000,
SOL,1h,CatBoost,OF_signed_run_SOL_CatBoost,-0.5912,0.5153,1.0,0.9508,0.3508,12000,
SOL,1h,CatBoost,OF_vol_price_divergence_SOL_CatBoost,-0.6461,0.527,1.0,0.9371,0.3717,12000,
BTC,1h,CatBoost,ABLATION_Full_VALID,-1.6349,0.5008,1.0,,0.4229,15271,Full_VALID
BTC,1h,CatBoost,ABLATION_No_CPCV,-1.6349,0.5008,,,0.4229,15271,No_CPCV
BTC,1h,CatBoost,ABLATION_No_Balance,0.1899,0.5021,1.0,0.9715,0.9715,15271,No_Balance
BTC,1h,CatBoost,ABLATION_No_Cost,-0.0565,0.5008,1.0,,0.4229,15271,No_Cost
BTC,1h,CatBoost,ABLATION_No_Permutation,-1.6349,0.5008,1.0,,0.4229,15271,No_Permutation
BTC,1h,CatBoost,ABLATION_AUC_Only,0.3183,0.5021,,0.9715,0.9715,15271,AUC_Only
BTC,1h,CatBoost,ABLATION_No_Balance_No_CPCV,0.1899,0.5021,,0.9715,0.9715,15271,No_Balance_No_CPCV
BTC,1h,CatBoost,ABLATION_No_Cost_No_Perm,-0.0565,0.5008,1.0,,0.4229,15271,No_Cost_No_Perm
BTC,1h,LightGBM,ABLATION_Full_LightGBM,-1.554,0.4885,1.0,,0.4795,15271,Full_LightGBM
BTC,1h,RF,ABLATION_Full_RF,-1.8054,0.5036,1.0,,0.4537,15271,Full_RF
BTC,1h,LightGBM,ABLATION_No_CPCV_LightGBM,-1.554,0.4885,,,0.4795,15271,No_CPCV_LightGBM
BTC,1h,RF,ABLATION_No_CPCV_RF,-1.8054,0.5036,,,0.4537,15271,No_CPCV_RF
BTC,1h,MLP_2layer,DL_MLP_2layer_BTC_1h,-0.2564,0.5005,1.0,0.8776,0.8776,15271,
BTC,1h,MLP_3layer,DL_MLP_3layer_BTC_1h,0.0752,0.5158,1.0,0.945,0.945,15271,
BTC,1d,MLP_2layer,DL_MLP_2layer_BTC_1d,0.4553,0.4782,1.0,0.815,0.815,864,
BTC,1d,MLP_3layer,DL_MLP_3layer_BTC_1d,0.5303,0.4985,1.0,0.7977,0.7977,864,
ETH,1h,MLP_2layer,DL_MLP_2layer_ETH_1h,-0.3654,0.4871,1.0,0.9389,0.9389,10889,
ETH,1h,MLP_3layer,DL_MLP_3layer_ETH_1h,-0.2782,0.4937,1.0,0.9858,0.9858,10889,
ETH,1d,MLP_2layer,DL_MLP_2layer_ETH_1d,-0.279,0.5277,1.0,0.9771,0.9771,653,
ETH,1d,MLP_3layer,DL_MLP_3layer_ETH_1d,-0.7809,0.5949,1.0,0.8931,0.8931,653,
SOL,1h,MLP_2layer,DL_MLP_2layer_SOL_1h,-0.079,0.5102,1.0,0.985,0.985,12000,
SOL,1h,MLP_3layer,DL_MLP_3layer_SOL_1h,0.1295,0.5171,1.0,0.9967,0.9967,12000,
SOL,1d,MLP_2layer,DL_MLP_2layer_SOL_1d,1.2118,0.5152,1.0,0.9918,0.9918,608,
SOL,1d,MLP_3layer,DL_MLP_3layer_SOL_1d,0.7791,0.531,1.0,0.9754,0.9754,608,
BTC,1d,CatBoost_MC,MC_null_iter0,-0.7203,0.4494,1.0,,0.6369,838,
BTC,1d,CatBoost_MC,MC_null_iter1,2.9006,0.389,1.0,,0.4494,889,
BTC,1d,CatBoost_MC,MC_null_iter2,1.6223,0.4589,1.0,,0.7391,919,
BTC,1d,CatBoost_MC,MC_null_iter3,0.3337,0.5529,1.0,,0.6243,865,
BTC,1d,CatBoost_MC,MC_null_iter4,-0.7948,0.466,1.0,,0.5057,880,
BTC,1d,CatBoost_MC,MC_null_iter5,0.1948,0.5906,1.0,,0.5989,882,
BTC,1d,CatBoost_MC,MC_null_iter6,0.6226,0.5531,1.0,,0.6685,917,
BTC,1d,CatBoost_MC,MC_null_iter7,0.182,0.3769,1.0,,0.6105,860,
BTC,1d,CatBoost_MC,MC_null_iter8,0.3094,0.5015,1.0,,0.4686,875,
BTC,1d,CatBoost_MC,MC_null_iter9,1.7962,0.5649,1.0,,0.6034,868,
BTC,1d,CatBoost_MC,MC_null_iter10,-0.8415,0.4026,1.0,,0.546,869,
BTC,1d,CatBoost_MC,MC_null_iter11,0.8105,0.5768,1.0,,0.7289,826,
BTC,1d,CatBoost_MC,MC_null_iter12,0.353,0.3849,1.0,,0.4239,917,
BTC,1d,CatBoost_MC,MC_null_iter13,-1.5928,0.5969,1.0,,0.7665,831,
BTC,1d,CatBoost_MC,MC_null_iter14,-1.676,0.4645,1.0,,0.4828,868,
BTC,1d,CatBoost_MC,MC_null_iter15,-0.4875,0.5343,1.0,,0.3446,882,
BTC,1d,CatBoost_MC,MC_null_iter16,1.7473,0.426,1.0,,0.5087,861,
BTC,1d,CatBoost_MC,MC_null_iter17,1.0192,0.5756,1.0,,0.5852,879,
BTC,1d,CatBoost_MC,MC_null_iter18,0.804,0.5441,1.0,,0.6023,878,
BTC,1d,CatBoost_MC,MC_null_iter19,-1.9083,0.4896,1.0,,0.5089,841,
BTC,1d,CatBoost_MC,MC_null_iter20,1.7712,0.4316,1.0,,0.7069,868,
BTC,1d,CatBoost_MC,MC_null_iter21,0.888,0.544,1.0,,0.4804,892,
BTC,1d,CatBoost_MC,MC_null_iter22,1.6046,0.5477,1.0,,0.5667,897,
BTC,1d,CatBoost_MC,MC_null_iter23,-0.6446,0.5337,1.0,,0.5424,883,
BTC,1d,CatBoost_MC,MC_null_iter24,-1.2089,0.5813,1.0,,0.4728,916,
BTC,1d,CatBoost_MC,MC_null_iter25,-1.7604,0.5008,1.0,,0.4111,900,
BTC,1d,CatBoost_MC,MC_null_iter26,-0.3881,0.4799,1.0,,0.408,869,
BTC,1d,CatBoost_MC,MC_null_iter27,-1.6294,0.5862,1.0,,0.6566,828,
BTC,1d,CatBoost_MC,MC_null_iter28,-0.9547,0.5702,1.0,,0.5575,869,
BTC,1d,CatBoost_MC,MC_null_iter29,2.1891,0.5247,1.0,,0.6333,897,
BTC,1d,CatBoost_MC,MC_null_iter30,-0.4027,0.4286,1.0,,0.5989,906,
BTC,1d,CatBoost_MC,MC_null_iter31,-2.0996,0.4716,1.0,,0.6667,884,
BTC,1d,CatBoost_MC,MC_null_iter32,1.127,0.4606,1.0,,0.5112,886,
BTC,1d,CatBoost_MC,MC_null_iter33,0.5528,0.5218,1.0,,0.6404,888,
BTC,1d,CatBoost_MC,MC_null_iter34,-1.8106,0.3784,1.0,,0.6379,867,
BTC,1d,CatBoost_MC,MC_null_iter35,1.7854,0.34,1.0,,0.6885,914,
BTC,1d,CatBoost_MC,MC_null_iter36,-0.7704,0.5635,1.0,,0.5706,881,
BTC,1d,CatBoost_MC,MC_null_iter37,0.6683,0.5188,1.0,,0.657,859,
BTC,1d,CatBoost_MC,MC_null_iter38,-0.5989,0.5269,1.0,,0.5607,865,
BTC,1d,CatBoost_MC,MC_null_iter39,0.0844,0.5643,1.0,,0.6131,838,
BTC,1d,CatBoost_MC,MC_null_iter40,0.4967,0.5842,1.0,,0.6727,825,
BTC,1d,CatBoost_MC,MC_null_iter41,-0.3075,0.5866,1.0,,0.5444,899,
BTC,1d,CatBoost_MC,MC_null_iter42,-0.1459,0.5317,1.0,,0.5632,870,
BTC,1d,CatBoost_MC,MC_null_iter43,-0.5891,0.5082,1.0,,0.7006,884,
BTC,1d,CatBoost_MC,MC_null_iter44,-0.5997,0.4219,1.0,,0.5506,888,
BTC,1d,CatBoost_MC,MC_null_iter45,1.197,0.6699,1.0,,0.7294,848,
BTC,1d,CatBoost_MC,MC_null_iter46,1.6645,0.592,1.0,,0.6517,886,
BTC,1d,CatBoost_MC,MC_null_iter47,1.6212,0.4259,1.0,,0.5819,882,
BTC,1d,CatBoost_MC,MC_null_iter48,-1.0875,0.4926,1.0,,0.5517,868,
BTC,1d,CatBoost_MC,MC_null_iter49,0.1475,0.5301,1.0,,0.6354,904,
BTC,1d,CatBoost_MC,MC_null_iter50,-2.3574,0.4481,1.0,,0.5682,880,
BTC,1d,CatBoost_MC,MC_null_iter51,0.0788,0.5817,1.0,,0.3214,838,
BTC,1d,CatBoost_MC,MC_null_iter52,-0.0558,0.4997,1.0,,0.7901,902,
BTC,1d,CatBoost_MC,MC_null_iter53,-1.1977,0.4575,1.0,,0.4778,897,
BTC,1d,CatBoost_MC,MC_null_iter54,-0.303,0.495,1.0,,0.5111,899,
BTC,1d,CatBoost_MC,MC_null_iter55,0.5916,0.5817,1.0,,0.6464,904,
BTC,1d,CatBoost_MC,MC_null_iter56,1.2446,0.4461,1.0,,0.4011,884,
BTC,1d,CatBoost_MC,MC_null_iter57,0.5737,0.4692,1.0,,0.7143,837,
BTC,1d,CatBoost_MC,MC_null_iter58,-0.1106,0.4197,1.0,,0.5899,889,
BTC,1d,CatBoost_MC,MC_null_iter59,0.184,0.4364,1.0,,0.5449,833,
BTC,1d,CatBoost_MC,MC_null_iter60,1.3623,0.5067,1.0,,0.4971,874,
BTC,1d,CatBoost_MC,MC_null_iter61,-1.7223,0.518,1.0,,0.6384,883,
BTC,1d,CatBoost_MC,MC_null_iter62,0.5915,0.4908,1.0,,0.4128,859,
BTC,1d,CatBoost_MC,MC_null_iter63,0.9511,0.4699,1.0,,0.7052,864,
BTC,1d,CatBoost_MC,MC_null_iter64,-0.2296,0.5158,1.0,,0.4483,869,
BTC,1d,CatBoost_MC,MC_null_iter65,0.0512,0.5359,1.0,,0.6936,863,
BTC,1d,CatBoost_MC,MC_null_iter66,-0.2997,0.6712,1.0,,0.5424,885,
BTC,1d,CatBoost_MC,MC_null_iter67,-2.3634,0.4685,1.0,,0.6705,863,
BTC,1d,CatBoost_MC,MC_null_iter68,-0.3786,0.4164,1.0,,0.489,909,
BTC,1d,CatBoost_MC,MC_null_iter69,-0.579,0.648,1.0,,0.6207,867,
BTC,1d,CatBoost_MC,MC_null_iter70,0.2274,0.5705,1.0,,0.6474,862,
BTC,1d,CatBoost_MC,MC_null_iter71,0.4594,0.3898,1.0,,0.4943,879,
BTC,1d,CatBoost_MC,MC_null_iter72,0.8414,0.5495,1.0,,0.7486,891,
BTC,1d,CatBoost_MC,MC_null_iter73,-0.3097,0.4233,1.0,,0.6163,858,
BTC,1d,CatBoost_MC,MC_null_iter74,-1.9035,0.6206,1.0,,0.7273,824,
BTC,1d,CatBoost_MC,MC_null_iter75,1.6544,0.528,1.0,,0.5966,879,
BTC,1d,CatBoost_MC,MC_null_iter76,-1.3975,0.5306,1.0,,0.7143,874,
BTC,1d,CatBoost_MC,MC_null_iter77,-1.1346,0.401,1.0,,0.686,860,
BTC,1d,CatBoost_MC,MC_null_iter78,0.8164,0.586,1.0,,0.4419,859,
BTC,1d,CatBoost_MC,MC_null_iter79,0.8633,0.3628,1.0,,0.7159,877,
BTC,1d,CatBoost_MC,MC_null_iter80,0.6488,0.5442,1.0,,0.6319,906,
BTC,1d,CatBoost_MC,MC_null_iter81,-1.4708,0.5028,1.0,,0.6158,884,
BTC,1d,CatBoost_MC,MC_null_iter82,-1.1843,0.5633,1.0,,0.6554,881,
BTC,1d,CatBoost_MC,MC_null_iter83,-0.1841,0.4133,1.0,,0.477,868,
BTC,1d,CatBoost_MC,MC_null_iter84,0.6639,0.4482,1.0,,0.6304,916,
BTC,1d,CatBoost_MC,MC_null_iter85,-0.3508,0.5595,1.0,,0.6048,832,
BTC,1d,CatBoost_MC,MC_null_iter86,1.363,0.5385,1.0,,0.6114,874,
BTC,1d,CatBoost_MC,MC_null_iter87,0.6169,0.5333,1.0,,0.4491,833,
BTC,1d,CatBoost_MC,MC_null_iter88,-1.8016,0.5941,1.0,,0.7457,861,
BTC,1d,CatBoost_MC,MC_null_iter89,1.677,0.4195,1.0,,0.6755,936,
BTC,1d,CatBoost_MC,MC_null_iter90,0.4684,0.5981,1.0,,0.6185,864,
BTC,1d,CatBoost_MC,MC_null_iter91,1.1412,0.5191,1.0,,0.7294,850,
BTC,1d,CatBoost_MC,MC_null_iter92,0.4106,0.4377,1.0,,0.6471,849,
BTC,1d,CatBoost_MC,MC_null_iter93,0.1874,0.4746,1.0,,0.5749,834,
BTC,1d,CatBoost_MC,MC_null_iter94,0.1772,0.505,1.0,,0.5145,865,
BTC,1d,CatBoost_MC,MC_null_iter95,-0.721,0.4736,1.0,,0.6395,859,
BTC,1d,CatBoost_MC,MC_null_iter96,1.1459,0.5705,1.0,,0.5783,828,
BTC,1d,CatBoost_MC,MC_null_iter97,1.8821,0.4853,1.0,,0.6686,859,
BTC,1d,CatBoost_MC,MC_null_iter98,-0.3562,0.5574,1.0,,0.6121,823,
BTC,1d,CatBoost_MC,MC_null_iter99,-0.562,0.5407,1.0,,0.6778,896,
BTC,1d,CatBoost_MC,MC_null_iter100,-1.3708,0.5061,1.0,,0.5697,825,
BTC,1d,CatBoost_MC,MC_null_iter101,0.521,0.608,1.0,,0.5866,895,
BTC,1d,CatBoost_MC,MC_null_iter102,0.523,0.3928,1.0,,0.7333,898,
BTC,1d,CatBoost_MC,MC_null_iter103,1.1609,0.5765,1.0,,0.5455,880,
BTC,1d,CatBoost_MC,MC_null_iter104,-1.2253,0.5258,1.0,,0.5778,896,
BTC,1d,CatBoost_MC,MC_null_iter105,-1.1934,0.3604,1.0,,0.5787,889,
BTC,1d,CatBoost_MC,MC_null_iter106,0.4112,0.4249,1.0,,0.5207,843,
BTC,1d,CatBoost_MC,MC_null_iter107,1.4867,0.4774,1.0,,0.5434,865,
BTC,1d,CatBoost_MC,MC_null_iter108,-2.9537,0.5013,1.0,,0.5568,876,
BTC,1d,CatBoost_MC,MC_null_iter109,-0.1329,0.4677,1.0,,0.6522,918,
BTC,1d,CatBoost_MC,MC_null_iter110,-3.0311,0.4751,1.0,,0.517,879,
BTC,1d,CatBoost_MC,MC_null_iter111,-0.6382,0.5706,1.0,,0.4462,929,
BTC,1d,CatBoost_MC,MC_null_iter112,0.226,0.585,1.0,,0.6154,907,
BTC,1d,CatBoost_MC,MC_null_iter113,1.0353,0.4351,1.0,,0.7429,872,
BTC,1d,CatBoost_MC,MC_null_iter114,-0.2413,0.5004,1.0,,0.6591,878,
BTC,1d,CatBoost_MC,MC_null_iter115,0.1462,0.5173,1.0,,0.4576,884,
BTC,1d,CatBoost_MC,MC_null_iter116,-1.7313,0.5566,1.0,,0.523,867,
BTC,1d,CatBoost_MC,MC_null_iter117,0.7511,0.5526,1.0,,0.5833,900,
BTC,1d,CatBoost_MC,MC_null_iter118,-0.0879,0.412,1.0,,0.6573,886,
BTC,1d,CatBoost_MC,MC_null_iter119,-0.6986,0.4866,1.0,,0.7283,863,
BTC,1d,CatBoost_MC,MC_null_iter120,-0.9595,0.503,1.0,,0.6536,891,
BTC,1d,CatBoost_MC,MC_null_iter121,3.2417,0.5027,1.0,,0.4573,820,
BTC,1d,CatBoost_MC,MC_null_iter122,-0.264,0.4646,1.0,,0.5614,853,
BTC,1d,CatBoost_MC,MC_null_iter123,0.0024,0.4903,1.0,,0.6949,885,
BTC,1d,CatBoost_MC,MC_null_iter124,-1.5833,0.5697,1.0,,0.6747,826,
BTC,1d,CatBoost_MC,MC_null_iter125,-0.5565,0.4439,1.0,,0.6221,860,
BTC,1d,CatBoost_MC,MC_null_iter126,0.3382,0.4955,1.0,,0.6301,862,
BTC,1d,CatBoost_MC,MC_null_iter127,-0.0406,0.4465,1.0,,0.6404,887,
BTC,1d,CatBoost_MC,MC_null_iter128,0.5633,0.5419,1.0,,0.5529,846,
BTC,1d,CatBoost_MC,MC_null_iter129,0.6079,0.5165,1.0,,0.5311,882,
BTC,1d,CatBoost_MC,MC_null_iter130,-1.607,0.5286,1.0,,0.7697,889,
BTC,1d,CatBoost_MC,MC_null_iter131,0.6496,0.6695,1.0,,0.7803,861,
BTC,1d,CatBoost_MC,MC_null_iter132,0.8136,0.4258,1.0,,0.5111,898,
BTC,1d,CatBoost_MC,MC_null_iter133,-0.5436,0.4765,1.0,,0.8941,847,
BTC,1d,CatBoost_MC,MC_null_iter134,-0.2878,0.413,1.0,,0.5585,939,
BTC,1d,CatBoost_MC,MC_null_iter135,0.3669,0.3668,1.0,,0.5955,886,
BTC,1d,CatBoost_MC,MC_null_iter136,-1.5565,0.4846,1.0,,0.6124,887,
BTC,1d,CatBoost_MC,MC_null_iter137,0.3878,0.5258,1.0,,0.6036,845,
BTC,1d,CatBoost_MC,MC_null_iter138,-0.7708,0.4552,1.0,,0.4944,889,
BTC,1d,CatBoost_MC,MC_null_iter139,0.3006,0.4403,1.0,,0.4709,858,
BTC,1d,CatBoost_MC,MC_null_iter140,-1.119,0.6019,1.0,,0.5402,870,
BTC,1d,CatBoost_MC,MC_null_iter141,-1.106,0.534,1.0,,0.645,844,
BTC,1d,CatBoost_MC,MC_null_iter142,-0.3901,0.5016,1.0,,0.5621,845,
BTC,1d,CatBoost_MC,MC_null_iter143,0.91,0.6151,1.0,,0.56,873,
BTC,1d,CatBoost_MC,MC_null_iter144,-0.189,0.4339,1.0,,0.5917,843,
BTC,1d,CatBoost_MC,MC_null_iter145,-0.0947,0.5926,1.0,,0.7126,866,
BTC,1d,CatBoost_MC,MC_null_iter146,0.5798,0.4374,1.0,,0.5254,881,
BTC,1d,CatBoost_MC,MC_null_iter147,-0.4401,0.4763,1.0,,0.4731,926,
BTC,1d,CatBoost_MC,MC_null_iter148,1.0242,0.4643,1.0,,0.4529,850,
BTC,1d,CatBoost_MC,MC_null_iter149,2.2626,0.6958,1.0,,0.6519,904,
BTC,1d,CatBoost_MC,MC_null_iter150,1.6361,0.6124,1.0,,0.5536,837,
BTC,1d,CatBoost_MC,MC_null_iter151,-1.4216,0.547,1.0,,0.5955,886,
BTC,1d,CatBoost_MC,MC_null_iter152,1.8191,0.4295,1.0,,0.5661,942,
BTC,1d,CatBoost_MC,MC_null_iter153,-1.7068,0.499,1.0,,0.5439,852,
BTC,1d,CatBoost_MC,MC_null_iter154,-2.9832,0.4593,1.0,,0.4438,889,
BTC,1d,CatBoost_MC,MC_null_iter155,-0.2434,0.4286,1.0,,0.6923,906,
BTC,1d,CatBoost_MC,MC_null_iter156,-0.8227,0.4517,1.0,,0.6095,845,
BTC,1d,CatBoost_MC,MC_null_iter157,1.8402,0.5751,1.0,,0.5523,858,
BTC,1d,CatBoost_MC,MC_null_iter158,-0.5728,0.618,1.0,,0.5389,831,
BTC,1d,CatBoost_MC,MC_null_iter159,1.4978,0.499,1.0,,0.4593,860,
BTC,1d,CatBoost_MC,MC_null_iter160,-1.2,0.5044,1.0,,0.5531,892,
BTC,1d,CatBoost_MC,MC_null_iter161,-2.8389,0.5459,1.0,,0.5655,838,
BTC,1d,CatBoost_MC,MC_null_iter162,-1.4903,0.4793,1.0,,0.5225,889,
BTC,1d,CatBoost_MC,MC_null_iter163,2.284,0.3325,1.0,,0.6557,914,
BTC,1d,CatBoost_MC,MC_null_iter164,-0.1175,0.4348,1.0,,0.5537,885,
BTC,1d,CatBoost_MC,MC_null_iter165,1.1678,0.5889,1.0,,0.7101,841,
BTC,1d,CatBoost_MC,MC_null_iter166,0.8996,0.46,1.0,,0.618,888,
BTC,1d,CatBoost_MC,MC_null_iter167,-0.6956,0.5585,1.0,,0.569,868,
BTC,1d,CatBoost_MC,MC_null_iter168,1.2629,0.5592,1.0,,0.5989,883,
BTC,1d,CatBoost_MC,MC_null_iter169,-0.0073,0.4803,1.0,,0.4167,836,
BTC,1d,CatBoost_MC,MC_null_iter170,-0.5663,0.4986,1.0,,0.7059,849,
BTC,1d,CatBoost_MC,MC_null_iter171,-0.1024,0.6612,1.0,,0.5543,872,
BTC,1d,CatBoost_MC,MC_null_iter172,0.351,0.5115,1.0,,0.5676,923,
BTC,1d,CatBoost_MC,MC_null_iter173,0.43,0.4789,1.0,,0.711,864,
BTC,1d,CatBoost_MC,MC_null_iter174,-0.4321,0.5253,1.0,,0.5449,833,
BTC,1d,CatBoost_MC,MC_null_iter175,-1.1995,0.5143,1.0,,0.5196,894,
BTC,1d,CatBoost_MC,MC_null_iter176,0.049,0.4597,1.0,,0.3216,854,
BTC,1d,CatBoost_MC,MC_null_iter177,2.1235,0.4839,1.0,,0.5806,927,
BTC,1d,CatBoost_MC,MC_null_iter178,1.7237,0.4797,1.0,,0.5574,914,
BTC,1d,CatBoost_MC,MC_null_iter179,-1.3498,0.5476,1.0,,0.618,888,
BTC,1d,CatBoost_MC,MC_null_iter180,-0.1461,0.4374,1.0,,0.6011,912,
BTC,1d,CatBoost_MC,MC_null_iter181,-0.5604,0.5608,1.0,,0.642,876,
BTC,1d,CatBoost_MC,MC_null_iter182,1.3885,0.5214,1.0,,0.4795,852,
BTC,1d,CatBoost_MC,MC_null_iter183,-0.118,0.5352,1.0,,0.6627,827,
BTC,1d,CatBoost_MC,MC_null_iter184,-0.0439,0.4788,1.0,,0.6686,858,
BTC,1d,CatBoost_MC,MC_null_iter185,-0.2743,0.5728,1.0,,0.5503,842,
BTC,1d,CatBoost_MC,MC_null_iter186,1.0294,0.5503,1.0,,0.4809,915,
BTC,1d,CatBoost_MC,MC_null_iter187,-0.3763,0.533,1.0,,0.6766,834,
BTC,1d,CatBoost_MC,MC_null_iter188,1.3729,0.4289,1.0,,0.7384,858,
BTC,1d,CatBoost_MC,MC_null_iter189,0.9632,0.5541,1.0,,0.6022,930,
BTC,1d,CatBoost_MC,MC_null_iter190,1.0798,0.5856,1.0,,0.6512,858,
BTC,1d,CatBoost_MC,MC_null_iter191,-1.5772,0.3415,1.0,,0.5523,860,
BTC,1d,CatBoost_MC,MC_null_iter192,0.6023,0.671,1.0,,0.6136,880,
BTC,1d,CatBoost_MC,MC_null_iter193,1.0958,0.526,1.0,,0.5169,888,
BTC,1d,CatBoost_MC,MC_null_iter194,-1.3556,0.5294,1.0,,0.5588,848,
BTC,1d,CatBoost_MC,MC_null_iter195,0.7936,0.4246,1.0,,0.56,875,
BTC,1d,CatBoost_MC,MC_null_iter196,-0.77,0.463,1.0,,0.5872,857,
BTC,1d,CatBoost_MC,MC_null_iter197,-2.1529,0.5493,1.0,,0.5934,910,
BTC,1d,CatBoost_MC,MC_null_iter198,-0.3772,0.4687,1.0,,0.6188,903,
BTC,1d,CatBoost_MC,MC_null_iter199,1.0485,0.5435,1.0,,0.6529,847,
